Participation_ID,Timestamp,community_id,campaign_id,year,pledge_count,actual_score_count
1,,1,1,2020,16,16
2,,1,1,2021,1,53
3,,1,1,2022,0,100
4,,2,1,2021,108,120
5,,2,1,2022,0,280
6,,3,1,2022,0,34
7,,4,1,2021,1,15
8,,4,1,2022,0,23
9,,5,1,2020,0,18
10,,5,1,2021,2000,265
11,,5,1,2022,0,1910
12,,6,1,2022,0,100
13,,7,1,2020,10000,12150
14,,7,1,2021,8000,3469
15,,7,1,2022,0,5020
16,,8,1,2021,10,15
17,,8,1,2022,15,18
18,,9,1,2022,0,4760
19,,10,1,2020,32,32
20,,11,1,2020,200,567
21,,11,1,2021,500,1500
22,,12,1,2020,1151,1151
23,,12,1,2021,500,3026
24,,13,1,2021,1,26
25,,14,1,2020,96,96
26,,14,1,2021,1,102
27,,15,1,2021,1,18
28,,16,1,2022,0,2315
29,,17,1,2020,100,106
30,,17,1,2021,200,236
31,,17,1,2022,0,298
32,,18,1,2020,97,97
33,,18,1,2021,1,352
34,,19,1,2020,15000,6008
35,,19,1,2021,1,2365
36,,20,1,2020,200,276
37,,20,1,2021,1,44
38,,21,1,2020,200,200
39,,21,1,2021,1,123
40,,22,1,2021,1,59
41,,23,1,2020,100,100
42,,23,1,2021,1,300
43,,24,1,2021,1,62
44,,25,1,2020,1000,173
45,,25,1,2021,1,647
46,,26,1,2020,30,30
47,,26,1,2021,1,6
48,,27,1,2020,758,758
49,,27,1,2021,1,1490
50,,28,1,2022,0,3237
51,,29,1,2020,148,148
52,,30,1,2022,0,100
53,,31,1,2021,1,45
54,,32,1,2021,200,220
55,,32,1,2022,250,750
56,,33,1,2020,32,18
57,,33,1,2021,20,20
58,,34,1,2020,451,451
59,,35,1,2020,10000,5181
60,,35,1,2021,5000,3759
61,,35,1,2022,0,4521
62,,36,1,2020,0,408
63,,37,1,2020,0,0
64,,38,1,2020,1000,0
65,,38,1,2022,0,1060
66,,39,1,2020,108,0
67,,40,1,2020,299,299
68,,41,1,2020,171,171
69,,42,1,2020,50,50
70,,43,1,2020,11,11
71,,44,1,2020,200,461
72,,45,1,2021,120,1077
73,,45,1,2022,0,1826
74,,46,1,2021,1008,817
75,,47,1,2020,4000,4100
76,,47,1,2021,8000,8739
77,,47,1,2022,0,9254
78,,48,1,2020,400,400
79,,49,1,2021,6000,5979
80,,49,1,2022,0,5902
81,,50,1,2020,5400,3738
82,,51,1,2020,0,0
83,,52,1,2020,5000,2105
84,,53,1,2021,200,281
85,,53,1,2022,1000,1044
86,,54,1,2020,1000,1131
87,,54,1,2021,1200,667
88,,54,1,2022,0,1003
89,,55,1,2020,0,1000
90,,55,1,2022,0,5000
91,,56,1,2020,1447,1447
92,,57,1,2020,222,34
93,,58,1,2020,108,680
94,,59,1,2020,0,0
95,,60,1,2021,500,524
96,,60,1,2022,0,740
97,,61,1,2020,0,225
98,,62,1,2020,1000,979
99,,62,1,2021,432,444
100,,62,1,2022,0,275
101,,63,1,2020,260,260
102,,64,1,2020,1000,5635
103,,64,1,2022,0,4432
104,,65,1,2020,1008,403
105,,66,1,2020,108,392
106,,66,1,2022,0,1267
107,,67,1,2020,3564,3564
108,,68,1,2020,35000,27150
109,,68,1,2021,10000,19240
110,,68,1,2022,0,11600
111,,69,1,2020,5000,2367
112,,69,1,2021,5000,1131
113,,69,1,2022,0,2517
114,,70,1,2020,5500,7017
115,,70,1,2021,1500,5297
116,,70,1,2022,8400,15000
117,,71,1,2020,501,350
118,,71,1,2021,350,319
119,,71,1,2022,0,513
120,,72,1,2020,3000,2654
121,,72,1,2021,3000,3464
122,,72,1,2022,0,3667
123,,73,1,2020,5000,5277
124,,73,1,2021,7000,9000
125,,73,1,2022,0,4000
126,,74,1,2021,1008,1976
127,,75,1,2020,3000,2604
128,,75,1,2021,450,575
129,,75,1,2022,0,629
130,,76,1,2021,900,2200
131,,77,1,2021,200,840
132,,77,1,2022,0,291
133,,78,1,2020,501,1116
134,,78,1,2021,8000,9941
135,,78,1,2022,0,582
136,,79,1,2020,3312,3312
137,,79,1,2021,5000,4313
138,,79,1,2022,0,3716
139,,80,1,2020,1500,10911
140,,80,1,2022,0,16838
141,,81,1,2020,3000,7054
142,,81,1,2022,0,5653
143,,82,1,2020,5000,23117
144,,82,1,2022,0,12510
145,,83,1,2020,200,1491
146,,83,1,2022,0,1260
147,,84,1,2020,3008,16576
148,,84,1,2022,0,8231
149,,85,1,2020,2500,4486
150,,85,1,2022,0,10819
151,,86,1,2020,2460,5525
152,,86,1,2022,0,4804
153,,87,1,2020,1500,4164
154,,87,1,2022,0,1561
155,,88,1,2020,2000,3113
156,,88,1,2022,0,3187
157,,89,1,2020,0,0
158,,90,1,2022,0,14730
159,,91,1,2020,2500,0
160,,92,1,2020,13500,0
161,,93,1,2020,0,0
162,,94,1,2020,500,0
163,,95,1,2020,50,0
164,,96,1,2020,0,0
165,,97,1,2020,1000,585
166,,98,1,2020,0,0
167,,98,1,2021,100,190
168,,99,1,2020,230,230
169,,99,1,2022,0,300
170,,100,1,2020,75,75
171,,101,1,2020,70,70
172,,102,1,2020,50,50
173,,103,1,2020,50,50
174,,104,1,2020,529,529
175,,105,1,2021,1000,796
176,,105,1,2022,0,1210
177,,106,1,2020,100000,121340
178,,107,1,2020,0,3000
179,,108,1,2020,0,3655
180,,109,1,2020,100000,50000
181,,110,1,2020,0,1500
182,,111,1,2020,0,1300
183,,112,1,2020,0,3200
184,,113,1,2020,50000,42257
185,,114,1,2020,2500,3231
186,,115,1,2020,0,3000
187,,116,1,2020,10000,6969
188,,117,1,2020,0,3000
189,,118,1,2020,0,3760
190,,119,1,2020,0,2000
191,,120,1,2020,11000,3793
192,,121,1,2020,0,400
193,,122,1,2020,50000,26088
194,,123,1,2020,0,19650
195,,124,1,2020,0,838
196,,125,1,2020,0,3000
197,,126,1,2020,160000,100000
198,,127,1,2020,0,231680
199,,128,1,2020,5000,3340
200,,129,1,2020,5000,1200
201,,130,1,2020,0,709
202,,131,1,2020,0,1340
203,,132,1,2020,0,40
204,,133,1,2020,5000,3100
205,,134,1,2020,5000,6600
206,,135,1,2020,1000,983
207,,136,1,2020,0,4330
208,,137,1,2021,2200000,2595867
209,,138,1,2020,0,14140
210,,139,1,2020,10000,6000
211,,140,1,2020,0,14140
212,,141,1,2020,0,2400
213,,142,1,2020,3500,3500
214,,143,1,2020,0,3000
215,,144,1,2020,50000,15000
216,,145,1,2020,3500,3000
217,,146,1,2020,0,6191
218,,147,1,2020,0,350
219,,148,1,2020,0,14772
220,,149,1,2020,0,1100
221,,150,1,2020,12000,13960
222,,151,1,2020,0,9000
223,,152,1,2020,0,2650
224,,153,1,2020,0,1100
225,,154,1,2020,25000,10000
226,,155,1,2020,200000,86912
227,,156,1,2020,0,20885
228,,157,1,2020,60000,64000
229,,158,1,2020,75000,84972
230,,159,1,2020,0,2000
231,,160,1,2020,0,5000
232,,161,1,2020,0,866
233,,162,1,2020,0,1882
234,,163,1,2020,500,800
235,,164,1,2020,0,99010
236,,165,1,2020,0,500
237,,166,1,2020,1000,1000
238,,167,1,2020,10000,3000
239,,168,1,2020,0,28000
240,,169,1,2020,11000,9000
241,,170,1,2020,2000,9231
242,,171,1,2020,7000,10000
243,,172,1,2020,1000,50
244,,173,1,2020,3000,2500
245,,174,1,2020,400000,306574
246,,175,1,2020,250000,230000
247,,176,1,2020,10000,13250
248,,177,1,2020,0,4000
249,,178,1,2020,0,6143
250,,179,1,2020,0,500
251,,180,1,2020,0,310
252,,181,1,2020,0,750
253,,182,1,2020,0,500
254,,183,1,2020,0,4330
255,,184,1,2020,0,500
256,,185,1,2020,0,1304
257,,186,1,2020,25000,12500
258,,187,1,2020,6000,8181
259,,188,1,2020,0,1500
260,,189,1,2020,0,6500
261,,190,1,2020,300,700
262,,191,1,2020,10000,14000
263,,192,1,2020,3000,3000
264,,193,1,2020,0,3252
265,,194,1,2020,0,2500
266,,195,1,2020,5000,3527
267,,196,1,2022,0,350
268,,197,1,2020,1000,1900
269,,197,1,2021,1440,2440
270,,197,1,2022,0,2657
271,,198,1,2021,50,387
272,,198,1,2022,0,550
273,,199,1,2020,250,1085
274,,199,1,2021,1000,1295
275,,199,1,2022,0,1706
276,,200,1,2020,175,175
277,,200,1,2021,5,464
278,,201,1,2020,50,65
279,,201,1,2021,60,65
280,,201,1,2022,0,50
281,,202,1,2020,50,32
282,,202,1,2021,5,77
283,,202,1,2022,0,64
284,,203,1,2020,100,150
285,,203,1,2021,25,93
286,,203,1,2022,0,94
287,,204,1,2020,2000,2149
288,,204,1,2021,500,1903
289,,204,1,2022,0,758
290,,205,1,2020,500,475
291,,205,1,2021,25,75
292,,205,1,2022,0,850
293,,206,1,2020,300,1457
294,,206,1,2021,1000,1805
295,,206,1,2022,0,1828
296,,207,1,2022,0,52
297,,208,1,2020,50,80
298,,208,1,2021,48,80
299,,208,1,2022,0,160
300,,209,1,2020,500,1056
301,,209,1,2021,1440,614
302,,209,1,2022,0,316
303,,210,1,2021,100,100
304,,210,1,2022,0,12
305,,211,1,2020,10,17
306,,211,1,2021,20,35
307,,211,1,2022,0,20
308,,212,1,2020,842,842
309,,212,1,2021,500,532
310,,212,1,2022,0,343
311,,213,1,2020,10,10
312,,213,1,2021,21,21
313,,213,1,2022,0,137
314,,214,1,2020,12000,12424
315,,214,1,2021,13000,13337
316,,214,1,2022,0,13000
317,,215,1,2020,2100,1928
318,,215,1,2021,1000,2601
319,,215,1,2022,0,531
320,,216,1,2020,100,417
321,,216,1,2022,0,41
322,,217,1,2020,25,202
323,,217,1,2021,50,171
324,,217,1,2022,0,96
325,,218,1,2021,2,14
326,,218,1,2022,0,2
327,,219,1,2020,3,3
328,,219,1,2022,0,88
329,,220,1,2020,2000,2200
330,,220,1,2022,0,1183
331,,221,1,2020,1008,875
332,,221,1,2022,0,1645
333,,222,1,2020,12000,13200
334,,222,1,2022,0,12840
335,,223,1,2022,0,320
336,,224,1,2022,0,640
337,,225,1,2020,1000,1726
338,,225,1,2022,0,372
339,,226,1,2022,0,901
340,,227,1,2020,100,149
341,,227,1,2022,0,189
342,,228,1,2020,350,250
343,,228,1,2022,0,352
344,,229,1,2020,2000,2209
345,,229,1,2022,0,1250
346,,230,1,2020,3000,2878
347,,230,1,2022,0,1000
348,,231,1,2020,10,54
349,,232,1,2020,250,181
350,,232,1,2022,0,375
351,,233,1,2020,5000,6954
352,,233,1,2022,0,3666
353,,234,1,2022,0,150
354,,235,1,2020,8000,8534
355,,235,1,2022,0,5680
356,,236,1,2022,0,4052
357,,237,1,2020,1000,2000
358,,237,1,2022,0,3500
359,,238,1,2022,0,4850
360,,239,1,2020,120,120
361,,239,1,2022,0,150
362,,240,1,2020,508,539
363,,240,1,2022,0,509
364,,241,1,2020,1000,1021
365,,241,1,2022,0,567
366,,242,1,2020,1008,1379
367,,243,1,2020,11,29
368,,244,1,2022,0,210
369,,246,1,2020,2000,1786
370,,246,1,2022,0,24
371,,247,1,2020,250,516
372,,247,1,2021,500,1000
373,,247,1,2022,0,500
374,,248,1,2020,1600,2600
375,,248,1,2021,1008,1434
376,,248,1,2022,0,2400
377,,249,1,2021,108,151
378,,249,1,2022,0,152
379,,250,1,2020,3000,11000
380,,250,1,2022,0,1250
381,,251,1,2020,50,52
382,,252,1,2020,500,415
383,,252,1,2022,0,111
384,,253,1,2020,240,400
385,,253,1,2022,0,24
386,,254,1,2020,5000,13542
387,,255,1,2020,1300,3308
388,,255,1,2022,0,3635
389,,256,1,2020,50000,66017
390,,256,1,2022,0,74976
391,,257,1,2020,1008,1300
392,,257,1,2021,1500,1100
393,,257,1,2022,0,650
394,,258,1,2020,24,24
395,,259,1,2020,12008,11024
396,,259,1,2022,0,10966
397,,260,1,2020,1000,1107
398,,260,1,2022,0,322
399,,261,1,2020,1008,1050
400,,261,1,2022,0,6368
401,,262,1,2020,25000,30000
402,,262,1,2022,0,29000
403,,263,1,2021,250,375
404,,263,1,2022,0,125
405,,264,1,2020,2500,2656
406,,264,1,2022,0,1749
407,,265,1,2020,5001,5040
408,,265,1,2022,0,2950
409,,266,1,2020,501,792
410,,266,1,2022,0,568
411,,267,1,2020,40,0
412,,268,1,2020,3456,3886
413,,268,1,2022,0,1801
414,,269,1,2020,100,0
415,,270,1,2020,500,753
416,,270,1,2022,0,415
417,,271,1,2022,0,163
418,,272,1,2020,2021,2054
419,,272,1,2022,0,2604
420,,273,1,2020,500,518
421,,274,1,2020,500,360
422,,275,1,2022,0,264
423,,276,1,2020,2000,2230
424,,276,1,2022,0,4200
425,,277,1,2022,0,112
426,,278,1,2022,0,24
427,,279,1,2022,0,350
428,,280,1,2022,0,207
429,,281,1,2022,0,24
430,,282,1,2020,592,592
431,,282,1,2021,500,400
432,,282,1,2022,0,588
433,,283,1,2022,0,752
434,,284,1,2020,1000,1285
435,,284,1,2022,0,513
436,,285,1,2022,0,38
437,,286,1,2020,1000,2653
438,,286,1,2021,2500,5928
439,,286,1,2022,0,1560
440,,287,1,2020,100,0
441,,287,1,2022,0,125
442,,288,1,2020,200,0
443,,288,1,2022,0,1100
444,,289,1,2020,2000,5511
445,,289,1,2021,2000,5800
446,,289,1,2022,0,8300
447,,290,1,2020,2000,0
448,,290,1,2022,0,350
449,,291,1,2020,300,461
450,,291,1,2021,300,509
451,,291,1,2022,0,548
452,,292,1,2020,225,225
453,,293,1,2022,0,148
454,,294,1,2020,5000,6846
455,,294,1,2021,3000,4612
456,,294,1,2022,0,4797
457,,295,1,2022,0,1283
458,,296,1,2020,2500,3101
459,,296,1,2021,900,3711
460,,296,1,2022,0,5534
461,,297,1,2022,0,51
462,,298,1,2022,0,21
463,,299,1,2021,25,101
464,,299,1,2022,0,185
465,,300,1,2020,80,80
466,,300,1,2021,90,94
467,,300,1,2022,0,18
468,,301,1,2021,75,81
469,,301,1,2022,0,24
470,,302,1,2022,0,1
471,,303,1,2021,15,62
472,,303,1,2022,0,51
473,,304,1,2020,7000,7611
474,,304,1,2021,6336,5988
475,,304,1,2022,0,5740
476,,305,1,2022,0,1485
477,,305,1,2020,1289,1289
478,,306,1,2020,1000,1320
479,,307,1,2022,0,492
480,,307,1,2020,1540,1540
481,,308,1,2020,190,190
482,,308,1,2022,0,59
483,,309,1,2020,0,60
484,,309,1,2022,0,19
485,,310,1,2022,0,9
486,,311,1,2022,0,20
487,,312,1,2020,15000,4816
488,,312,1,2022,0,897
489,,313,1,2020,40,40
490,,314,1,2020,262,262
491,,315,1,2020,450,450
492,,315,1,2022,0,156
493,,310,1,2020,10,10
494,,317,1,2020,750,1156
495,,317,1,2022,0,442
496,,318,1,2020,9,9
497,,318,1,2022,0,160
498,,319,1,2022,0,12
499,,19,1,2023,1808,1887
500,,25,1,2023,1000,905
501,,21,1,2023,108,132
502,,9,1,2023,3500,6472
503,,32,1,2023,185,660
504,,47,1,2023,8000,8836
505,,62,1,2023,480,315
506,,71,1,2023,751,0
507,,54,1,2023,1100,1245
508,,66,1,2023,2000,0
509,,68,1,2023,11000,14100
510,,72,1,2023,2000,3876
511,,35,1,2023,4800,5474
512,,75,1,2023,250,300
513,,55,1,2023,5000,7188
514,,45,1,2023,350,0
515,,290,1,2023,1000,1625
516,,320,1,2023,50,67
517,,284,1,2023,400,415
518,,321,1,2023,10,57
519,,291,1,2023,500,1206
520,,322,1,2023,50,5
521,,282,1,2023,508,483
522,,294,1,2023,1000,1800
523,,286,1,2023,1000,1593
524,,288,1,2023,500,764
525,,289,1,2023,7500,10459
526,,287,1,2023,150,155
527,,296,1,2023,5150,4129
528,,304,1,2023,5800,3954
529,,299,1,2023,50,55
530,,300,1,2023,10,0
531,,297,1,2023,24,108
532,,324,1,2023,65,74
533,,325,1,2023,165,242
534,,326,1,2023,275,317
535,,327,1,2023,245,567
536,,328,1,2023,165,440
537,,329,1,2023,55,13
538,,330,1,2023,55,164
539,,331,1,2023,55,32
540,,332,1,2023,55,28
541,,77,1,2023,100,277
542,,79,1,2023,4500,5544
543,,105,1,2023,2500,2810
544,,90,1,2023,40000,40000
545,,272,1,2023,3700,3722
546,,229,1,2023,1000,1101
547,,242,1,2023,500,0
548,,225,1,2023,300,638
549,,271,1,2023,180,180
550,,227,1,2023,200,256
551,,240,1,2023,151,232
552,,238,1,2023,501,845
553,,265,1,2023,4000,3778
554,,220,1,2023,1000,2265
555,,268,1,2023,1728,2054
556,,228,1,2023,500,520
557,,230,1,2023,500,508
558,,264,1,2023,1108,1419
559,,239,1,2023,200,60
560,,257,1,2023,1008,1500
561,,252,1,2023,200,203
562,,222,1,2023,15000,15000
563,,276,1,2023,4400,4400
564,,254,1,2023,4500,2550
565,,261,1,2023,3000,3635
566,,250,1,2023,1008,2400
567,,260,1,2023,1200,1500
568,,275,1,2023,108,129
569,,269,1,2023,1000,1008
570,,266,1,2023,550,500
571,,246,1,2023,0,24
572,,256,1,2023,73000,76725
573,,237,1,2023,1500,1500
574,,235,1,2023,2400,2710
575,,248,1,2023,3000,4273
576,,247,1,2023,1000,1000
577,,233,1,2023,5000,2517
578,,232,1,2023,200,351
579,,262,1,2023,20000,20000
580,,274,1,2023,100,130
581,,277,1,2023,50,185
582,,241,1,2023,500,553
583,,249,1,2023,50,55
584,,212,1,2023,250,352
585,,202,1,2023,108,286
586,,197,1,2023,2000,1844
587,,201,1,2023,108,235
588,,213,1,2023,108,77
589,,214,1,2023,13500,13502
590,,203,1,2023,200,216
591,,199,1,2023,600,845
592,,312,1,2023,1500,2874
593,,308,1,2023,500,79
594,,307,1,2023,700,639
595,,305,1,2023,1000,1151
596,,315,1,2023,500,300
597,,319,1,2023,200,0
598,,333,1,2023,0,500
599,,78,1,2023,1400,1400
600,,64,1,2023,0,8500
601,,24,1,2023,0,219
602,,334,1,2023,0,31
603,,221,1,2023,0,40
604,,335,1,2023,0,18
605,,27,1,2023,0,1621
606,,336,1,2023,0,80
607,,18,1,2023,0,172
608,,14,1,2023,0,337
609,,23,1,2023,0,12
610,,293,1,2023,0,465
611,,218,1,2023,0,2
612,,215,1,2023,0,1377
613,,216,1,2023,0,41
614,,337,1,2023,0,23
615,,200,1,2023,0,960
616,,211,1,2023,0,9
617,,210,1,2023,0,32
618,,207,1,2023,0,10
619,,198,1,2023,0,612
620,,204,1,2023,0,730
621,,208,1,2023,0,336
622,,196,1,2023,0,20
623,,217,1,2023,0,218
624,,209,1,2023,0,376
625,,205,1,2023,0,586
626,,206,1,2023,0,560
627,,338,1,2023,0,37
628,,339,1,2023,0,13
629,,263,1,2023,0,1532
630,,234,1,2023,0,1024
631,,49,1,2023,0,4897
632,,85,1,2023,5500,6925
633,,285,1,2023,0,6
634,,22,1,2023,0,6
635,,341,1,2023,0,129
636,,342,1,2023,0,622
637,,280,1,2023,0,58
638,,343,1,2023,0,2257
639,,344,1,2023,0,103
640,,345,1,2023,0,2150
641,,2,1,2023,0,230
642,,346,1,2023,0,65
643,,70,1,2023,0,20675
644,,347,1,2023,0,53
645,,73,1,2023,0,13000
646,,348,1,2023,0,203
647,,98,1,2023,0,200
648,,137,1,2023,0,3297354
649,,350,1,2023,0,3
650,,36,1,2023,0,514
651,,63,1,2023,0,85
652,,224,1,2023,0,640
653,,318,1,2023,0,23
654,,352,1,2023,0,380
655,,353,1,2023,0,26920
656,,80,1,2023,10000,19314
657,,84,1,2023,7250,7110
658,,81,1,2023,4500,5595
659,,82,1,2023,15000,13500
660,,83,1,2023,1250,2000
661,,86,1,2023,4000,4890
662,,87,1,2023,1250,2567
663,,88,1,2023,3250,1689
664,,278,1,2023,0,24
665,,259,1,2023,0,24960
666,,244,1,2023,0,130
667,,253,1,2023,0,216
668,,323,1,2023,0,30
669,,245,1,2023,0,10
670,,270,1,2023,0,250
671,,354,1,2023,0,22
672,,355,1,2023,0,72
673,,356,1,2023,0,48
674,,243,1,2023,0,320
675,,255,1,2023,0,2887
676,,309,1,2023,0,98
677,,314,1,2023,0,90
678,,219,1,2023,0,25
679,,137,1,2022,0,3068646
680,,312,1,2021,0,3697
681,,317,1,2021,0,400
682,,310,1,2021,0,25
683,,307,1,2021,0,1553
684,,308,1,2021,0,138
685,,313,1,2021,0,50
686,,314,1,2021,0,580
687,,315,1,2021,0,2215
688,,309,1,2021,0,44
689,,311,1,2021,0,145
690,,219,1,2021,0,45
691,,316,1,2021,0,500
692,,357,1,2021,0,45
693,,318,1,2021,0,4
694,,305,1,2021,0,2182
695,,358,2,2019-2023,0,1423
696,,53,2,2019-2023,0,16
697,,67,2,2019,0,283
698,,67,2,2020,0,220
699,,67,2,2021,0,203
700,,67,2,2022,0,311
701,,67,2,2023,0,188
702,,359,2,2020,0,1
703,,359,2,2022,0,3
704,,47,2,2019-2023,0,79
705,,38,2,2021-2023,0,27
706,,199,2,2019,0,1
707,,261,2,2019,0,25
708,,360,2,2019,0,47
709,,361,2,2019,0,121
710,,268,2,2019,0,7
711,,214,2,2019,0,14
712,,362,2,2019,0,16
713,,220,2,2019,0,5
714,,221,2,2019,0,7
715,,222,2,2019,0,34
716,,363,2,2019,0,57
717,,228,2,2019,0,13
718,,229,2,2019,0,10
719,,199,2,2019,0,1
720,,233,2,2019,0,16
721,,237,2,2019,0,8
722,,248,2,2019,0,7
723,,234,2,2019,0,6
724,,264,2,2019,0,10
725,,262,2,2019,0,8
726,,269,2,2019,0,5
727,,255,2,2019,0,2
728,,276,2,2019,0,5
729,,280,2,2019,0,7
730,,215,2,2019,0,25
731,,254,2,2019,0,39
732,,363,2,2020,0,62
733,,364,2,2020,0,65
734,,247,2,2020,0,3
735,,248,2,2020,0,11
736,,265,2,2020,0,20
737,,259,2,2020,0,16
738,,204,2,2020,0,13
739,,360,2,2020,0,5
740,,361,2,2020,0,232
741,,215,2,2020,0,38
742,,254,2,2020,0,8
743,,220,2,2020,0,7
744,,222,2,2020,0,9
745,,197,2,2020,0,5
746,,237,2,2020,0,35
747,,238,2,2020,0,11
748,,240,2,2020,0,1
749,,241,2,2020,0,5
750,,365,2,2020,0,15
751,,366,2,2020,0,5
752,,234,2,2020,0,2
753,,264,2,2020,0,10
754,,212,2,2020,0,4
755,,261,2,2020,0,39
756,,262,2,2020,0,46
757,,205,2,2020,0,10
758,,367,2,2020,0,4
759,,269,2,2020,0,2
760,,255,2,2020,0,12
761,,276,2,2020,0,33
762,,280,2,2020,0,4
763,,233,2,2020,0,13
764,,363,2,2021,0,63
765,,364,2,2021,0,25
766,,233,2,2021,0,7
767,,248,2,2021,0,45
768,,265,2,2021,0,34
769,,261,2,2021,0,35
770,,368,2,2021,0,2
771,,367,2,2021,0,2
772,,360,2,2021,0,18
773,,361,2,2021,0,83
774,,220,2,2021,0,22
775,,241,2,2021,0,1
776,,222,2,2021,0,27
777,,228,2,2021,0,4
778,,229,2,2021,0,1
779,,197,2,2021,0,30
780,,247,2,2021,0,22
781,,237,2,2021,0,5
782,,238,2,2021,0,5
783,,240,2,2021,0,7
784,,365,2,2021,0,14
785,,366,2,2021,0,1
786,,224,2,2021,0,8
787,,234,2,2021,0,5
788,,264,2,2021,0,9
789,,270,2,2021,0,2
790,,369,2,2021,0,1
791,,257,2,2021,0,17
792,,259,2,2021,0,6
793,,260,2,2021,0,5
794,,262,2,2021,0,14
795,,231,2,2021,0,3
796,,370,2,2021,0,11
797,,355,2,2021,0,3
798,,250,2,2021,0,48
799,,209,2,2021,0,6
800,,268,2,2021,0,35
801,,269,2,2021,0,2
802,,255,2,2021,0,12
803,,276,2,2021,0,6
804,,277,2,2021,0,5
805,,280,2,2021,0,6
806,,254,2,2021,0,22
807,,235,2,2021,0,1
808,,363,2,2022,0,52
809,,265,2,2022,0,28
810,,257,2,2022,0,7
811,,261,2,2022,0,24
812,,250,2,2022,0,99
813,,361,2,2022,0,240
814,,220,2,2022,0,6
815,,229,2,2022,0,1
816,,197,2,2022,0,11
817,,237,2,2022,0,36
818,,240,2,2022,0,2
819,,371,2,2022,0,1
820,,365,2,2022,0,19
821,,246,2,2022,0,1
822,,356,2,2022,0,1
823,,366,2,2022,0,8
824,,234,2,2022,0,1
825,,264,2,2022,0,41
826,,270,2,2022,0,5
827,,262,2,2022,0,105
828,,370,2,2022,0,5
829,,205,2,2022,0,1
830,,209,2,2022,0,2
831,,269,2,2022,0,9
832,,372,2,2022,0,4
833,,280,2,2022,0,14
834,,241,2,2022,0,1
835,,222,2,2023,0,2
836,,363,2,2023,0,42
837,,197,2,2023,0,46
838,,235,2,2023,0,1
839,,365,2,2023,0,15
840,,265,2,2023,0,67
841,,274,2,2023,0,1
842,,261,2,2023,0,12
843,,204,2,2023,0,22
844,,250,2,2023,0,9
845,,361,2,2023,0,352
846,,254,2,2023,0,8
847,,220,2,2023,0,5
848,,221,2,2023,0,1
849,,241,2,2023,0,2
850,,225,2,2023,0,1
851,,229,2,2023,0,1
852,,237,2,2023,0,15
853,,240,2,2023,0,1
854,,371,2,2023,0,5
855,,248,2,2023,0,23
856,,246,2,2023,0,8
857,,366,2,2023,0,10
858,,232,2,2023,0,6
859,,234,2,2023,0,26
860,,373,2,2023,0,5
861,,264,2,2023,0,41
862,,260,2,2023,0,6
863,,262,2,2023,0,128
864,,370,2,2023,0,7
865,,205,2,2023,0,10
866,,269,2,2023,0,3
867,,255,2,2023,0,2
868,,276,2,2023,0,8
869,,280,2,2023,0,1
870,,213,2,2023,0,1
871,,257,2,2023,0,1
872,,294,3,2022,61,90
873,,287,3,2022,10,10
874,,282,3,2022,11,14
875,,284,3,2022,33,63
876,,288,3,2022,11,50
877,,286,3,2022,20,13
878,,283,3,2022,5,5
879,,289,3,2022,100,167
880,,293,3,2022,5,7
881,,285,3,2022,1,1
882,,291,3,2022,17,34
883,,374,3,2022,2,1
884,,375,3,2022,2,1
885,,324,3,2022,2,1
886,,327,3,2022,5,13
887,,325,3,2022,5,6
888,,328,3,2022,5,5
889,,326,3,2022,5,14
890,,296,3,2022,63,130
891,,304,3,2022,30,26
892,,299,3,2022,3,14
893,,376,3,2022,2,2
894,,300,3,2022,5,10
895,,353,3,2022,5000,4000
896,,78,3,2022,25,12
897,,105,3,2022,31,20
898,,377,3,2022,200,941
899,,79,3,2022,0,42
900,,98,3,2022,15,21
901,,77,3,2022,5,7
902,,137,3,2022,30000,32490
903,,378,3,2022,0,1
904,,1,3,2022,3,0
905,,2,3,2022,5,10
906,,379,3,2022,2,0
907,,380,3,2022,2,0
908,,381,3,2022,0,1
909,,3,3,2022,3,0
910,,4,3,2022,5,59
911,,382,3,2022,0,1
912,,5,3,2022,10,42
913,,7,3,2022,42,62
914,,383,3,2022,0,1
915,,8,3,2022,2,2
916,,9,3,2022,100,185
917,,384,3,2022,0,1
918,,16,3,2022,10,14
919,,28,3,2022,154,146
920,,385,3,2022,0,1
921,,30,3,2022,3,0
922,,386,3,2022,0,1
923,,32,3,2022,8,11
924,,35,3,2022,125,255
925,,45,3,2022,0,17
926,,47,3,2022,0,13
927,,50,3,2022,164,75
928,,53,3,2022,240,85
929,,54,3,2022,4,6
930,,55,3,2022,50,33
931,,387,3,2022,5,2
932,,64,3,2022,150,180
933,,388,3,2022,0,18
934,,68,3,2022,600,601
935,,69,3,2022,25,13
936,,70,3,2022,150,150
937,,71,3,2022,40,10
938,,75,3,2022,20,0
939,,72,3,2022,10,10
940,,73,3,2022,100,30
941,,305,3,2022,30,13
942,,307,3,2022,30,4
943,,308,3,2022,5,6
944,,309,3,2022,5,1
945,,312,3,2022,30,15
946,,314,3,2022,5,0
947,,315,3,2022,25,15
948,,197,3,2022,55,79
949,,198,3,2022,10,11
950,,199,3,2022,22,26
951,,204,3,2022,16,16
952,,205,3,2022,20,13
953,,209,3,2022,20,9
954,,211,3,2022,2,0
955,,212,3,2022,3,5
956,,214,3,2022,251,251
957,,215,3,2022,60,50
958,,220,3,2022,108,90
959,,222,3,2022,125,152
960,,224,3,2022,0,7
961,,225,3,2022,40,1
962,,228,3,2022,12,15
963,,229,3,2022,35,10
964,,230,3,2022,151,26
965,,232,3,2022,10,15
966,,233,3,2022,51,54
967,,246,3,2022,5,5
968,,247,3,2022,0,15
969,,234,3,2022,0,42
970,,235,3,2022,108,110
971,,236,3,2022,100,68
972,,237,3,2022,100,100
973,,240,3,2022,51,35
974,,252,3,2022,5,7
975,,264,3,2022,51,86
976,,248,3,2022,50,75
977,,244,3,2022,20,10
978,,256,3,2022,2500,2892
979,,249,3,2022,5,5
980,,259,3,2022,300,348
981,,261,3,2022,75,80
982,,262,3,2022,125,200
983,,263,3,2022,7,12
984,,227,3,2022,4,2
985,,250,3,2022,135,203
986,,265,3,2022,25,39
987,,266,3,2022,5,5
988,,268,3,2022,30,45
989,,270,3,2022,11,2
990,,271,3,2022,5,7
991,,272,3,2022,12,12
992,,275,3,2022,6,4
993,,276,3,2022,110,109
994,,277,3,2022,3,4
995,,278,3,2022,2,2
996,,257,3,2022,25,40
997,,364,3,2022,0,47
998,,255,3,2022,0,2
999,,279,3,2022,0,15
1000,,241,3,2022,25,24
1001,,389,3,2022,50,40
1002,,274,3,2022,20,10
1003,,238,3,2022,0,23
1004,,203,3,2022,1,9
1005,,206,3,2022,1,14
1006,,213,3,2022,1,2
1007,,284,1,2021,0,800
1008,,290,1,2021,0,400
1009,,287,1,2021,0,50
1010,,288,1,2021,0,100
1011,,390,1,2021,0,19
1012,,331,1,2021,0,29
1013,,374,1,2021,0,22
1014,,324,1,2021,0,50
1015,,325,1,2021,0,232
1016,,326,1,2021,0,182
1017,,327,1,2021,0,123
1018,,329,1,2021,0,35
1019,,330,1,2021,0,53
1020,,391,1,2021,0,99
1021,,392,1,2021,0,20
1022,,296,3,2021,53,63
1023,,304,3,2021,35,25
1024,,300,3,2021,3,7
1025,,299,3,2021,3,3
1026,,326,3,2021,4,5
1027,,374,3,2021,1,1
1028,,329,3,2021,2,1
1029,,324,3,2021,1,1
1030,,375,3,2021,1,0
1031,,287,3,2021,10,6
1032,,284,3,2021,15,30
1033,,289,3,2021,80,158
1034,,294,3,2021,50,58
1035,,286,3,2021,50,65
1036,,283,3,2021,4,3
1037,,282,3,2021,4,7
1038,,291,3,2021,10,17
1039,,288,3,2021,5,4
1040,,79,3,2021,500,604
1041,,105,3,2021,25,28
1042,,78,3,2021,25,28
1043,,98,3,2021,15,15
1044,,377,3,2021,1250,707
1045,,92,3,2021,301,301
1046,,77,3,2021,20,66
1047,,353,3,2021,4000,4000
1048,,35,3,2021,108,115
1049,,45,3,2021,35,20
1050,,50,3,2021,108,130
1051,,53,3,2021,200,181
1052,,54,3,2021,20,4
1053,,68,3,2021,400,490
1054,,70,3,2021,125,136
1055,,73,3,2021,15,85
1056,,72,3,2021,5,6
1057,,71,3,2021,50,35
1058,,69,3,2021,51,7
1059,,64,3,2021,200,235
1060,,38,3,2021,60,4
1061,,55,3,2021,100,23
1062,,47,3,2021,200,201
1063,,387,3,2021,6,6
1064,,388,3,2021,0,7
1065,,312,3,2021,0,54
1066,,307,3,2021,0,52
1067,,305,3,2021,0,32
1068,,315,3,2021,0,30
1069,,308,3,2021,0,5
1070,,309,3,2021,0,4
1071,,314,3,2021,0,3
1072,,28,3,2021,83,114
1073,,9,3,2021,44,71
1074,,7,3,2021,0,35
1075,,32,3,2021,6,6
1076,,33,3,2021,1,1
1077,,8,3,2021,0,1
1078,,137,3,2021,18235,25479
1079,,214,3,2021,175,236
1080,,197,3,2021,50,60
1081,,204,3,2021,15,23
1082,,199,3,2021,20,20
1083,,215,3,2021,31,59
1084,,209,3,2021,15,17
1085,,212,3,2021,2,2
1086,,201,3,2021,1,1
1087,,211,3,2021,1,1
1088,,220,3,2021,100,75
1089,,257,3,2021,30,40
1090,,240,3,2021,51,33
1091,,266,3,2021,5,4
1092,,228,3,2021,15,7
1093,,253,3,2021,10,8
1094,,256,3,2021,2000,2586
1095,,236,3,2021,108,140
1096,,276,3,2021,108,77
1097,,234,3,2021,75,76
1098,,227,3,2021,20,10
1099,,222,3,2021,208,127
1100,,230,3,2021,151,42
1101,,247,3,2021,30,20
1102,,261,3,2021,108,85
1103,,252,3,2021,10,1
1104,,264,3,2021,75,125
1105,,272,3,2021,12,8
1106,,271,3,2021,4,7
1107,,225,3,2021,44,22
1108,,248,3,2021,100,116
1109,,235,3,2021,125,37
1110,,246,3,2021,125,15
1111,,237,3,2021,35,60
1112,,229,3,2021,30,20
1113,,250,3,2021,108,132
1114,,278,3,2021,6,1
1115,,265,3,2021,5,19
1116,,389,3,2021,5,5
1117,,221,3,2021,0,17
1118,,263,3,2021,2,2
1119,,393,3,2021,2,2
1120,,268,3,2021,40,40
1121,,255,3,2021,4,4
1122,,232,3,2021,20,23
1123,,233,3,2021,14,35
1124,,277,3,2021,10,8
1125,,259,3,2021,108,339
1126,,224,3,2021,0,5
1127,,270,3,2021,0,5
1128,,238,3,2021,0,26
1129,,262,3,2021,0,100
1130,,239,3,2021,0,25
1131,,244,3,2021,0,5
1132,,321,3,2023,0,3
1133,,284,3,2023,0,51
1134,,285,3,2023,0,1
1135,,290,3,2023,0,4
1136,,282,3,2023,0,19
1137,,322,3,2023,0,9
1138,,293,3,2023,0,7
1139,,294,3,2023,0,95
1140,,286,3,2023,0,26
1141,,288,3,2023,0,20
1142,,289,3,2023,0,185
1143,,287,3,2023,0,12
1144,,291,3,2023,0,35
1145,,296,3,2023,0,115
1146,,304,3,2023,0,9
1147,,300,3,2023,0,7
1148,,299,3,2023,0,5
1149,,301,3,2023,0,2
1150,,326,3,2023,10,32
1151,,327,3,2023,15,6
1152,,328,3,2023,1,3
1153,,325,3,2023,10,5
1154,,324,3,2023,5,3
1155,,331,3,2023,2,2
1156,,330,3,2023,1,1
1157,,312,3,2023,0,35
1158,,305,3,2023,0,13
1159,,307,3,2023,0,12
1160,,308,3,2023,0,8
1161,,315,3,2023,0,8
1162,,314,3,2023,0,6
1163,,2,3,2023,12,6
1164,,7,3,2023,50,149
1165,,8,3,2023,2,4
1166,,9,3,2023,200,142
1167,,16,3,2023,0,1
1168,,17,3,2023,10,10
1169,,28,3,2023,108,196
1170,,32,3,2023,11,16
1171,,340,3,2023,0,100
1172,,73,3,2023,0,120
1173,,70,3,2023,0,175
1174,,75,3,2023,0,23
1175,,68,3,2023,0,777
1176,,71,3,2023,0,25
1177,,72,3,2023,0,2
1178,,35,3,2023,0,163
1179,,53,3,2023,0,110
1180,,47,3,2023,0,197
1181,,55,3,2023,0,131
1182,,64,3,2023,0,300
1183,,50,3,2023,0,138
1184,,394,3,2023,0,6
1185,,388,3,2023,0,8
1186,,63,3,2023,0,1
1187,,38,3,2023,0,2
1188,,36,3,2023,0,20
1189,,45,3,2023,0,11
1190,,353,3,2023,0,3500
1191,,98,3,2023,0,26
1192,,105,3,2023,0,30
1193,,79,3,2023,0,73
1194,,78,3,2023,0,70
1195,,377,3,2023,0,612
1196,,137,3,2023,0,19286
1197,,220,3,2023,150,205
1198,,221,3,2023,0,13
1199,,222,3,2023,200,202
1200,,224,3,2023,21,0
1201,,225,3,2023,15,0
1202,,228,3,2023,15,0
1203,,229,3,2023,15,2
1204,,230,3,2023,101,21
1205,,241,3,2023,25,37
1206,,232,3,2023,50,45
1207,,233,3,2023,51,10
1208,,246,3,2023,12,0
1209,,247,3,2023,50,50
1210,,234,3,2023,15,17
1211,,235,3,2023,300,58
1212,,236,3,2023,75,77
1213,,260,3,2023,0,1
1214,,237,3,2023,120,120
1215,,238,3,2023,51,14
1216,,323,3,2023,3,1
1217,,239,3,2023,60,35
1218,,240,3,2023,40,19
1219,,252,3,2023,8,6
1220,,264,3,2023,125,172
1221,,248,3,2023,108,134
1222,,244,3,2023,15,0
1223,,256,3,2023,3000,3150
1224,,249,3,2023,10,10
1225,,259,3,2023,0,800
1226,,261,3,2023,108,88
1227,,262,3,2023,200,0
1228,,263,3,2023,5,7
1229,,227,3,2023,0,1
1230,,250,3,2023,400,401
1231,,265,3,2023,40,63
1232,,266,3,2023,5,7
1233,,268,3,2023,40,40
1234,,226,3,2023,1,1
1235,,253,3,2023,1,1
1236,,395,3,2023,12,17
1237,,269,3,2023,0,14
1238,,270,3,2023,11,13
1239,,271,3,2023,10,11
1240,,272,3,2023,21,12
1241,,274,3,2023,41,41
1242,,275,3,2023,6,3
1243,,255,3,2023,108,56
1244,,276,3,2023,108,145
1245,,277,3,2023,3,1
1246,,278,3,2023,2,1
1247,,257,3,2023,44,44
1248,,280,3,2023,10,8
1249,,369,3,2023,12,12
1250,,197,3,2023,80,90
1251,,198,3,2023,15,16
1252,,199,3,2023,25,32
1253,,200,3,2023,0,5
1254,,204,3,2023,17,18
1255,,205,3,2023,20,15
1256,,207,3,2023,0,1
1257,,209,3,2023,20,14
1258,,212,3,2023,5,4
1259,,213,3,2023,3,7
1260,,214,3,2023,200,304
1261,,215,3,2023,51,54
1262,,203,3,2023,0,1
1263,,396,2,2024,0,2
1264,,24,2,2024,0,6
1265,,25,2,2024,0,6
1266,,20,2,2024,0,1
1267,,19,2,2024,0,9
1268,,18,2,2024,0,5
1269,,9,2,2024,0,7
1270,,7,2,2024,0,8
1271,,32,2,2024,0,4
1272,,137,2,2024,0,5759
1273,,397,2,2024,0,48
1274,,290,2,2024,0,9
1275,,398,2,2024,0,2
1276,,35,2,2024,0,64
1277,,47,2,2024,0,3
1278,,220,2,2024,0,15
1279,,323,2,2024,0,1
1280,,271,2,2024,0,1
1281,,264,2,2024,0,51
1282,,274,2,2024,0,3
1283,,248,2,2024,0,13
1284,,250,2,2024,0,67
1285,,234,2,2024,0,9
1286,,270,2,2024,0,7
1287,,222,2,2024,0,25
1288,,240,2,2024,0,2
1289,,221,2,2024,0,15
1290,,261,2,2024,0,45
1291,,275,2,2024,0,2
1292,,229,2,2024,0,7
1293,,277,2,2024,0,1
1294,,256,2,2024,0,323
1295,,254,2,2024,0,15
1296,,257,2,2024,0,1
1297,,268,2,2024,0,11
1298,,227,2,2024,0,10
1299,,235,2,2024,0,11
1300,,214,2,2024,0,8
1301,,197,2,2024,0,12
1302,,204,2,2024,0,1
